firstName,lastName,email,phoneNumber
learner0,learner0,learner0@gmail.com,1234567890
learner1,learner1,learner1@gmail.com,1234567891
learner2,learner2,learner2@gmail.com,1234567892
learner3,learner3,learner3@gmail.com,1234567893
learner4,learner4,learner4@gmail.com,1234567894
learner5,learner5,learner5@gmail.com,1234567895
learner6,learner6,learner6@gmail.com,1234567896
learner7,learner7,learner7@gmail.com,1234567897
learner8,learner8,learner8@gmail.com,1234567898
learner9,learner9,learner9@gmail.com,1234567899
learner10,learner10,learner10@gmail.com,1234567900
learner11,learner11,learner11@gmail.com,1234567901
learner12,learner12,learner12@gmail.com,1234567902
learner13,learner13,learner13@gmail.com,1234567903
learner14,learner14,learner14@gmail.com,1234567904
learner15,learner15,learner15@gmail.com,1234567905
learner16,learner16,learner16@gmail.com,1234567906
learner17,learner17,learner17@gmail.com,1234567907
learner18,learner18,learner18@gmail.com,1234567908
learner19,learner19,learner19@gmail.com,1234567909
learner20,learner20,learner20@gmail.com,1234567910
learner21,learner21,learner21@gmail.com,1234567911
learner22,learner22,learner22@gmail.com,1234567912
learner23,learner23,learner23@gmail.com,1234567913
