name,email,companyName,companyAddress,businessUnit,phoneNumber
learner23,learner23@gmail.com,company1,company1,business1,1234567890
learner24,learner24@gmail.com,company2,company2,business2,1234567891
learner25,learner25@gmail.com,company3,company3,business3,1234567892
learner26,learner26@gmail.com,company4,company4,business4,1234567893
learner27,learner27@gmail.com,company5,company5,business5,1234567894
learner28,learner28@gmail.com,company6,company6,business6,1234567895
learner29,learner29@gmail.com,company7,company7,business7,1234567896
learner30,learner30@gmail.com,company8,company8,business8,1234567897
learner31,learner31@gmail.com,company9,company9,business9,1234567898
learner32,learner32@gmail.com,company10,company10,business10,1234567899
learner33,learner33@gmail.com,company11,company11,business11,1234567900
learner34,learner34@gmail.com,company12,company12,business12,1234567901
learner35,learner35@gmail.com,company13,company13,business13,1234567902
learner36,learner36@gmail.com,company14,company14,business14,1234567903
learner37,learner37@gmail.com,company15,company15,business15,1234567904
learner38,learner38@gmail.com,company16,company16,business16,1234567905
learner39,learner39@gmail.com,company17,company17,business17,1234567906
learner40,learner40@gmail.com,company18,company18,business18,1234567907
learner41,learner41@gmail.com,company19,company19,business19,1234567908
learner42,learner42@gmail.com,company20,company20,business20,1234567909
learner43,learner43@gmail.com,company21,company21,business21,1234567910
learner44,learner44@gmail.com,company22,company22,business22,1234567911
learner45,learner45@gmail.com,company23,company23,business23,1234567912
learner46,learner46@gmail.com,company24,company24,business24,1234567913
