firstName,lastName,role,email,phoneNumber
maulik0,maulik0,user,maulik0@gmail.com,1234567890
maulik1,maulik1,user,maulik2@gmail.com,1234567891
maulik2,maulik2,user,maulik4@gmail.com,1234567892
maulik3,maulik3,user,maulik6@gmail.com,1234567893
maulik4,maulik4,user,maulik8@gmail.com,1234567894
maulik5,maulik5,user,maulik10@gmail.com,1234567895
maulik6,maulik6,user,maulik12@gmail.com,1234567896
maulik7,maulik7,user,maulik14@gmail.com,1234567897
maulik8,maulik8,user,maulik16@gmail.com,1234567898
maulik9,maulik9,user,maulik18@gmail.com,1234567899
maulik10,maulik10,user,maulik20@gmail.com,1234567900
maulik11,maulik11,user,maulik22@gmail.com,1234567901
maulik12,maulik12,user,maulik1@gmail.com,1234567902
maulik13,maulik13,user,maulik3@gmail.com,1234567903
maulik14,maulik14,user,maulik5@gmail.com,1234567904
maulik15,maulik15,user,maulik7@gmail.com,1234567905
maulik16,maulik16,user,maulik9@gmail.com,1234567906
maulik17,maulik17,user,maulik11@gmail.com,1234567907
maulik18,maulik18,user,maulik13@gmail.com,1234567908
maulik19,maulik19,user,maulik15@gmail.com,1234567909
maulik20,maulik20,user,maulik17@gmail.com,1234567910
maulik21,maulik21,user,maulik19@gmail.com,1234567911
maulik22,maulik22,user,maulik21@gmail.com,1234567912
maulik23,maulik23,user,maulik23@gmail.com,1234567913
