firstName,lastName,role,email,companyName,companyAddress,businessUnit,phoneNumber
user23,user23,user,user23@gmail.com,company0,company0,business0,1234567890
user24,user24,user,user24@gmail.com,company1,company1,business1,1234567891
user25,user25,user,user25@gmail.com,company2,company2,business2,1234567892
user26,user26,user,user26@gmail.com,company3,company3,business3,1234567893
user27,user27,user,user27@gmail.com,company4,company4,business4,1234567894
user28,user28,user,user28@gmail.com,company5,company5,business5,1234567895
user29,user29,user,user29@gmail.com,company6,company6,business6,1234567896
user30,user30,user,user30@gmail.com,company7,company7,business7,1234567897
user31,user31,user,user31@gmail.com,company8,company8,business8,1234567898
user32,user32,user,user32@gmail.com,company9,company9,business9,1234567899
user33,user33,user,user33@gmail.com,company10,company10,business10,1234567900
user34,user34,user,user34@gmail.com,company11,company11,business11,1234567901
user35,user35,user,user35@gmail.com,company12,company12,business12,1234567902
user36,user36,user,user36@gmail.com,company13,company13,business13,1234567903
user37,user37,user,user37@gmail.com,company14,company14,business14,1234567904
user38,user38,user,user38@gmail.com,company15,company15,business15,1234567905
user39,user39,user,user39@gmail.com,company16,company16,business16,1234567906
user40,user40,user,user40@gmail.com,company17,company17,business17,1234567907
user41,user41,user,user41@gmail.com,company18,company18,business18,1234567908
user42,user42,user,user42@gmail.com,company19,company19,business19,1234567909
user43,user43,user,user43@gmail.com,company20,company20,business20,1234567910
user44,user44,user,user44@gmail.com,company21,company21,business21,1234567911
user45,user45,user,user45@gmail.com,company22,company22,business22,1234567912
user46,user46,user,user46@gmail.com,company23,company23,business23,1234567913
