firstName,lastName,email,companyName,companyAddress,businessUnit,phoneNumber
admin0,admin0,admin0@gmail.com,company0,company0,business0,1234567890
admin1,admin1,admin1@gmail.com,company1,company1,business1,1234567891
admin2,admin2,admin2@gmail.com,company2,company2,business2,1234567892
admin3,admin3,admin3@gmail.com,company3,company3,business3,1234567893
admin4,admin4,admin4@gmail.com,company4,company4,business4,1234567894
admin5,admin5,admin5@gmail.com,company5,company5,business5,1234567895
admin6,admin6,admin6@gmail.com,company6,company6,business6,1234567896
admin7,admin7,admin7@gmail.com,company7,company7,business7,1234567897
admin8,admin8,admin8@gmail.com,company8,company8,business8,1234567898
admin9,admin9,admin9@gmail.com,company9,company9,business9,1234567899
admin10,admin10,admin10@gmail.com,company10,company10,business10,1234567900
admin11,admin11,admin11@gmail.com,company11,company11,business11,1234567901
admin12,admin12,admin12@gmail.com,company12,company12,business12,1234567902
admin13,admin13,admin13@gmail.com,company13,company13,business13,1234567903
admin14,admin14,admin14@gmail.com,company14,company14,business14,1234567904
admin15,admin15,admin15@gmail.com,company15,company15,business15,1234567905
admin16,admin16,admin16@gmail.com,company16,company16,business16,1234567906
admin17,admin17,admin17@gmail.com,company17,company17,business17,1234567907
admin18,admin18,admin18@gmail.com,company18,company18,business18,1234567908
admin19,admin19,admin19@gmail.com,company19,company19,business19,1234567909
admin20,admin20,admin20@gmail.com,company20,company20,business20,1234567910
admin21,admin21,admin21@gmail.com,company21,company21,business21,1234567911
admin22,admin22,admin22@gmail.com,company22,company22,business22,1234567912
admin23,admin23,admin23@gmail.com,company23,company23,business23,1234567913
